customer_id,customer_name,customer_contact,customer_address
1001,Susanetta Petzold,8607518151,319 Tony Junction
1002,Benton Isacq,2949507520,09104 Grasskamp Crossing
1003,Pyotr Lorait,9615272852,76 Rieder Way
1004,Shara Garey,7845915671,4302 Pennsylvania Junction
1005,Lurlene Cristofvao,8247303590,552 Erie Street
1006,Andriana Rieme,4475388018,920 Vermont Alley
1007,Tobe Elstub,6352471138,9397 Chinook Hill
1008,Ebony Izkovicz,5502436708,8 Sutherland Road
1009,Gaelan Siddle,5858421089,94 Kensington Way
1010,Jenilee Chaves,7729909778,6345 Main Terrace
1011,Allan MacLeod,6796137102,51 Morningstar Parkway
1012,Athena McClean,2165542950,6626 Porter Center
1013,Eward Jilkes,6179558982,8473 Lunder Terrace
1014,Dori Killoran,8022621888,92 Rockefeller Circle
1015,Ramsay Thome,4388338038,47 Pond Crossing
1016,Conny Matveichev,5502888816,1 Messerschmidt Plaza
1017,Royce Bowater,9834308779,1212 Dexter Hill
1018,Ewen McCaskell,2051102056,384 Graceland Court
1019,Sayer McClay,1077032072,9102 Grover Avenue
1020,Aleece O'Fergus,6552914880,94 Banding Circle
1021,Suki Ebbers,4344947912,76506 Vermont Street
1022,Aleksandr Branford,6865115361,99 Morning Place
1023,Florella Van den Broek,3546802581,4460 Di Loreto Plaza
1024,Trueman Eiler,5029043926,9429 5th Way
1025,Lura Stellino,4374226956,17259 Quincy Junction
1026,Trace Larenson,9975685041,33 Oakridge Circle
1027,Web Addionisio,4031313791,97454 Cody Way
1028,Marty Creighton,4151764414,1 Mallard Junction
1029,Gene Gommes,6388209995,7155 Myrtle Junction
1030,Lucilia Morkham,8669135984,79 Ridge Oak Street
1031,Cos Maryan,1661194645,60965 Randy Parkway
1032,Nike Risborough,5587130489,60204 North Parkway
1033,Rex Sturdgess,4395353894,8853 Fremont Place
1034,Rosabelle Merrifield,7611169125,87740 Boyd Lane
1035,Hephzibah Orteu,5662861103,91 Kropf Center
1036,Carce Francklin,7227863416,22599 Iowa Crossing
1037,Maddalena Mitchell,1029954119,320 Rowland Park
1038,Heddie Chatainier,8025861230,3 Waxwing Trail
1039,Gregor Tolley,6139225965,77 Nova Pass
1040,Starlene Rubinshtein,3518386957,2 Farwell Road
1041,Belle Parley,6908789744,2 Westport Circle
1042,Bucky Kealey,4094172782,0925 Rockefeller Court
1043,Klement Arnaudot,5416616301,6 Hermina Junction
1044,Paddy Pandie,6317684455,45155 Briar Crest Road
1045,Kristofer Ezzle,1932250477,2050 Farwell Crossing
1046,Diandra Eatherton,8443638073,17 Bunting Point
1047,Meir Corbyn,9803585769,688 Morrow Road
1048,Josi Masser,7916078361,312 Anderson Park
1049,Andras Sterre,9009652025,5 Fuller Pass
1050,Quint Flear,3047942041,64 Independence Parkway
1051,Velvet Napoli,3672218057,5 Pennsylvania Drive
1052,Walton Hulse,6782626788,87 Dottie Point
1053,Marne Simanek,1184185257,32200 Hansons Junction
1054,Jarid Crut,6095728497,33244 Barnett Place
1055,Alisun Mityashin,2235507827,87598 Gerald Point
1056,Domini Kintish,5795656169,3024 Main Crossing
1057,Carol-jean Blacker,5681242226,16038 Transport Pass
1058,Wheeler Human,1132229281,10 Tennyson Park
1059,Sharline Pawlicki,4934692217,755 Eggendart Court
1060,Tammi Covolini,1839654894,37 6th Park
1061,Kahaleel Roseaman,1397943836,3281 Maywood Crossing
1062,Toby Shiliton,5066139982,17 Springs Avenue
1063,Konstantin Carillo,6054427218,11381 Lake View Trail
1064,Ted Boshere,6116594949,715 Arkansas Avenue
1065,Theda Wanderschek,6629285476,7 Kipling Way
1066,Daffy Fleischmann,2264361535,9 Calypso Park
1067,Pierce Hryskiewicz,1372810142,87662 Crest Line Way
1068,Benjy Bewley,5186529922,88 Macpherson Alley
1069,Hi Gregori,7762694940,8930 Transport Pass
1070,Gabriell Ballham,3776774121,486 Golf View Terrace
1071,Hamnet Sacase,6469033595,979 Summit Terrace
1072,Robinett Dawidsohn,3592753633,5 Judy Place
1073,Indira Vallentin,1357716831,8 Pond Court
1074,Rebecka Iddins,6143428902,5 Clarendon Point
1075,Ken Simonot,1205005553,1 Sullivan Court
1076,Diann Leedes,5816524246,3 Mayfield Parkway
1077,Boycey Robart,8908388478,1637 Warbler Drive
1078,Lonnard Hounsham,9443367260,14004 Sunbrook Way
1079,Dale Jonk,6046412611,94872 Green Way
1080,Leanor McAuslene,8343354597,0 Ridgeview Place
1081,Lari Swayland,8236465016,255 Superior Junction
1082,Sibby De La Coste,9452897534,91 Mendota Hill
1083,Claudelle Jarritt,9213870557,5510 Derek Parkway
1084,Amabel Yanez,1955935254,4007 Comanche Junction
1085,Adamo Prudence,2642460957,298 Northport Hill
1086,Gabie Smalls,2059037524,704 Stoughton Parkway
1087,Tommi Minett,8748593542,911 Almo Pass
1088,Bobinette Boothe,2266353679,23 Delladonna Pass
1089,Francine Kunkler,1259976443,0 Ronald Regan Pass
1090,Natala Hammatt,2613253794,93826 Eliot Hill
1091,Gilburt Marchment,5976280293,93 Monterey Parkway
1092,Eb Levay,8517688891,0 Lakewood Gardens Circle
1093,Annadiane Tattersdill,1038502851,5 Bartillon Court
1094,Nani Gravey,3052779673,77599 Independence Plaza
1095,Zenia McKie,3226724162,03378 Calypso Drive
1096,Bevon Bohl,4675976968,61 Comanche Trail
1097,Ilysa Hansen,7458227937,0 Boyd Court
1098,Aurthur Bavridge,3558120073,205 Boyd Junction
1099,Allx Ogborn,1862326463,7641 Kensington Street
1100,Patin Crowd,2023399553,4348 Waywood Terrace
1101,Mari Clifford,5706368341,708 Northridge Alley
1102,Josefa Gwinnell,8397487113,9297 West Street
1103,Ezra Dudman,6971328260,283 Westport Street
1104,Nonah Pavinese,9959966141,12515 Del Sol Plaza
1105,Enrichetta Sircomb,7593127620,8 Shasta Junction
1106,Gabbi Bagshaw,3995229164,67563 Delaware Pass
1107,Oby Downey,3671062592,0 Randy Court
1108,Byrle Rushman,2084701897,810 Grayhawk Road
1109,Gusta Guichard,2101100719,69831 Prentice Road
1110,Calhoun Cutteridge,7983298758,6 Fulton Alley
1111,Walliw Monelli,1904925867,4 Buell Crossing
1112,Holden Ventum,1744332900,77 Farragut Drive
1113,Mab Limb,8478160987,41010 Old Gate Way
1114,Courtenay Shyre,1922863195,7942 Norway Maple Park
1115,Hinda Duddell,5572563875,68 Lotheville Plaza
1116,Torrie Dalgarnowch,2817766598,5898 Northwestern Drive
1117,Chiquita Benet,9332446684,07389 Muir Plaza
1118,Drusy Saurat,8727556579,03262 Dottie Court
1119,Lotty Danbye,3818869461,1297 Sutherland Place
1120,Stanley Wheelband,1872213546,54337 Myrtle Pass
1121,Egon Waistell,4559704513,97675 Park Meadow Hill
1122,Toby MacDwyer,6566832891,523 Dorton Drive
1123,Ulrica Petti,6881775713,210 Reinke Point
1124,Laney Pontain,5057376162,70291 Warbler Junction
1125,Isiahi Fowgies,4078089951,98256 Blaine Court
1126,Sigvard Sheahan,3985057336,7876 Evergreen Lane
1127,Sindee Chevins,8468378362,512 Hayes Trail
1128,Charo Jermey,8748335000,68536 Magdeline Parkway
1129,Rollins Cosely,7847761038,36039 Linden Road
1130,Alexandro Wheatcroft,5981445690,706 Park Meadow Street
1131,Sarette Graser,6738543484,198 West Park
1132,Kienan O'Dwyer,7748081897,40207 Grim Junction
1133,Lindsay Worsell,6062597318,99742 Goodland Place
1134,Milt Underwood,5841356560,22352 Sunfield Center
1135,Angy Verdy,8726859406,59711 Division Circle
1136,Nathanael Grigoliis,3264294042,25585 Eagle Crest Way
1137,Torie Soff,8721145602,84 Bluejay Center
1138,Alejandra Lapworth,5878966947,73 Miller Plaza
1139,Amity Chisholm,4489356733,33 Warbler Court
1140,Rossie Kumar,4017957181,7 Miller Drive
1141,Mitchell Dockwra,1444186845,67716 Bunker Hill Road
1142,Anton Mulcock,8834829793,420 8th Circle
1143,Cornelle Sodo,4737959607,597 Jana Circle
1144,Bevon De Carolis,9237430686,49598 Eagan Trail
1145,Archibold Woltering,4216829117,93214 Pond Crossing
1146,Marla Ainley,5527072664,2 Commercial Trail
1147,Umberto Gotecliffe,6546193984,166 Maryland Center
1148,Shayna Borrowman,4825842496,6 Riverside Circle
1149,Dav Uccelli,8414136427,5 Upham Avenue
1150,Elroy Evered,8729399437,94 Springview Hill
1151,Haleigh Mainland,1013113321,2 Morrow Lane
1152,Winn Dongles,8791463521,96 Superior Pass
1153,Vida Peddie,1104131691,819 Namekagon Terrace
1154,Sabine Gioan,7802204852,63 Portage Point
1155,Sadella Fligg,8403347004,86 Onsgard Lane
1156,Mei Vidler,3766709846,3932 Moland Street
1157,King Harsent,6932449087,6273 Fairfield Road
1158,Gerta Willmetts,6348590094,3959 Brickson Park Junction
1159,Feliza Salt,9919469557,2 Anderson Way
1160,Rubie Kremer,3942471716,64263 Lien Way
1161,Ara Maykin,8976383265,5 Mccormick Lane
1162,Meyer Ellcock,7071014222,099 Vidon Way
1163,Perry McClurg,9862888958,58894 Cody Point
1164,Stacie Klaiser,2407928149,9966 Clyde Gallagher Plaza
1165,Bibi Morritt,1709159279,54 Elgar Plaza
1166,Pavia Maynard,8511990950,143 Dayton Avenue
1167,Don Giorio,3862868148,627 Monica Way
1168,Sylvia Yersin,7072993346,7 Quincy Place
1169,Audrie Quickfall,7525601613,80 Fairfield Court
1170,Arleta Corss,6831524337,8 Mallory Lane
